Survey_Round,FSU,State,District,Sector,Sub_Sample,Hh_No,Person_No,Rel_To_Head,Sex,Age,General_Edu,Usual_Principal_Activity_Status,Subsidiary_Activity_Status,Weekly_Activity_Status,Earnings_Last_Month,Daily_Wages,Monthly_Exp,Multiplier
2023-24,FSU2701241,27,01,2,1,4,2,2,1,52,10,11,0,11,9372.76,390.53,6476.76,503.75
2023-24,FSU2902238,29,02,2,2,8,5,4,1,63,5,41,0,41,10557.43,439.89,12761.83,300.72
2023-24,FSU2701222,27,01,2,2,6,3,4,1,61,10,41,0,41,23445.91,976.91,7997.22,205.16
2023-24,FSU3203118,32,03,1,2,1,6,3,2,20,5,81,0,81,0.0,0.0,9941.64,467.39
2023-24,FSU1903236,19,03,2,1,11,3,2,1,49,13,11,0,11,12589.11,524.55,8614.44,842.67
2023-24,FSU0801114,08,01,1,1,13,3,9,2,19,5,81,0,81,0.0,0.0,12373.34,652.54
2023-24,FSU2404228,24,04,2,1,5,2,3,2,62,12,91,0,91,0.0,0.0,16671.7,429.58
2023-24,FSU1905221,19,05,2,2,13,1,1,1,24,13,11,0,11,13443.2,560.13,18673.27,194.47
2023-24,FSU3204280,32,04,2,1,14,1,1,1,58,12,31,0,31,32008.77,1231.11,37363.76,355.45
2023-24,FSU2401274,24,01,2,1,13,2,2,2,55,12,31,0,31,53125.54,2043.29,17043.7,527.57
2023-24,FSU3203212,32,03,2,2,2,3,4,1,18,5,81,0,81,0.0,0.0,17310.34,209.96
2023-24,FSU2705126,27,05,1,1,11,4,3,2,48,12,91,0,91,0.0,0.0,17536.72,800.24
2023-24,FSU0704266,07,04,2,1,15,5,9,1,30,5,11,0,11,16766.17,698.59,11409.37,311.08
2023-24,FSU0901139,09,01,1,2,2,1,1,2,19,12,91,0,91,0.0,0.0,7785.08,242.62
2023-24,FSU3304234,33,04,2,1,2,1,1,2,37,10,91,0,91,0.0,0.0,11071.32,660.35
2023-24,FSU0904223,09,04,2,2,4,2,3,2,23,10,31,0,31,27490.32,1057.32,21191.99,796.29
2023-24,FSU2901193,29,01,1,1,9,1,1,1,63,5,11,0,11,14627.17,609.47,12502.62,755.26
2023-24,FSU1904159,19,04,1,1,5,4,4,2,59,13,91,0,91,0.0,0.0,7012.36,357.7
2023-24,FSU3205150,32,05,1,1,1,1,1,2,47,12,31,0,31,40391.42,1553.52,13877.03,745.94
2023-24,FSU3201161,32,01,1,2,2,5,3,1,54,1,31,0,31,43261.35,1663.9,33693.31,371.46
2023-24,FSU3303143,33,03,1,1,7,2,4,2,35,1,11,0,11,24969.09,1040.38,13332.57,847.27
2023-24,FSU2902226,29,02,2,1,15,3,2,1,38,8,11,0,11,15864.36,661.01,13010.95,361.76
2023-24,FSU2903127,29,03,1,1,5,1,1,1,62,12,11,0,11,17096.6,712.36,10357.57,652.33
2023-24,FSU0705242,07,05,2,2,15,1,1,1,55,10,31,0,31,31677.83,1218.38,13454.86,241.57
2023-24,FSU1904281,19,04,2,2,1,1,1,1,59,5,41,0,41,12384.32,516.01,6576.45,536.77
2023-24,FSU1901256,19,01,2,2,15,1,1,2,28,13,31,0,31,32683.93,1257.07,34008.8,541.92
2023-24,FSU3202130,32,02,1,1,13,2,9,1,26,13,31,0,31,35585.66,1368.68,37818.75,618.93
2023-24,FSU0702158,07,02,1,1,14,1,1,2,29,5,91,0,91,0.0,0.0,9545.56,724.38
2023-24,FSU3301161,33,01,1,2,6,3,2,2,37,13,91,0,91,0.0,0.0,13833.74,740.56
2023-24,FSU0901232,09,01,2,1,10,3,2,1,53,10,31,0,31,30683.87,1180.15,36041.99,574.35
2023-24,FSU1005142,10,05,1,2,1,6,9,1,48,12,41,0,41,19839.0,826.62,17510.88,619.44
2023-24,FSU1001289,10,01,2,1,6,6,2,2,47,8,91,0,91,0.0,0.0,9240.38,638.05
2023-24,FSU3304296,33,04,2,2,12,2,4,2,50,1,41,0,41,13597.76,566.57,10590.62,555.99
2023-24,FSU2404296,24,04,2,1,4,5,9,1,57,1,31,0,31,46647.04,1794.12,29009.92,384.63
2023-24,FSU0702128,07,02,1,2,1,1,1,1,45,12,11,0,11,22722.74,946.78,13286.66,552.97
2023-24,FSU2404128,24,04,1,1,11,6,2,1,64,10,11,0,11,24159.32,1006.64,8814.19,512.57
2023-24,FSU2902168,29,02,1,1,3,4,4,2,54,13,91,0,91,0.0,0.0,15797.4,533.51
2023-24,FSU2404241,24,04,2,2,14,6,4,2,55,5,41,0,41,19270.9,802.95,13037.96,314.15
2023-24,FSU0805127,08,05,1,1,3,2,9,1,60,5,11,0,11,11617.63,484.07,12637.89,476.15
2023-24,FSU3304284,33,04,2,2,12,1,1,2,45,1,41,0,41,12799.73,533.32,10777.8,774.15
2023-24,FSU2905172,29,05,1,1,4,3,9,2,16,10,91,0,91,0.0,0.0,14414.36,738.35
2023-24,FSU3205160,32,05,1,2,10,5,2,1,56,10,11,0,11,8634.58,359.77,19869.62,332.11
2023-24,FSU3304253,33,04,2,2,13,4,4,2,31,1,91,0,91,0.0,0.0,5251.98,527.59
2023-24,FSU3301113,33,01,1,2,4,2,2,1,30,5,31,0,31,43198.48,1661.48,34092.14,302.58
2023-24,FSU0802130,08,02,1,1,5,1,1,1,34,12,41,0,41,12506.14,521.09,20528.42,809.03
2023-24,FSU2705123,27,05,1,1,12,3,2,1,37,12,31,0,31,18447.84,709.53,33830.2,603.28
2023-24,FSU1004165,10,04,1,2,6,6,9,1,42,5,41,0,41,18009.15,750.38,14347.95,581.14
2023-24,FSU2404251,24,04,2,2,14,2,2,2,43,5,91,0,91,0.0,0.0,12408.05,617.73
2023-24,FSU0904233,09,04,2,1,8,2,4,2,36,8,41,0,41,15332.55,638.86,14892.66,283.74
2023-24,FSU1004198,10,04,1,2,8,6,9,2,65,1,11,0,11,13088.02,545.33,10707.77,320.31
2023-24,FSU2405264,24,05,2,2,12,5,4,2,59,10,41,0,41,9610.76,400.45,10905.97,654.9
2023-24,FSU2705134,27,05,1,2,4,6,9,2,61,12,41,0,41,21652.57,902.19,21688.17,357.37
2023-24,FSU1903178,19,03,1,1,3,3,2,1,50,8,41,0,41,17757.39,739.89,21105.43,676.95
2023-24,FSU0905270,09,05,2,2,8,4,4,1,18,8,81,0,81,0.0,0.0,11210.48,725.48
2023-24,FSU2401129,24,01,1,1,3,5,4,1,30,1,41,0,41,17126.35,713.6,18231.1,703.52
2023-24,FSU2904266,29,04,2,1,5,5,9,2,51,12,11,0,11,19801.79,825.07,15754.09,813.31
2023-24,FSU3303130,33,03,1,1,4,2,2,1,15,10,81,0,81,0.0,0.0,12719.55,353.88
2023-24,FSU0703219,07,03,2,1,11,2,4,1,42,1,41,0,41,7979.79,332.49,9596.95,335.94
2023-24,FSU2701149,27,01,1,2,10,6,4,2,22,10,41,0,41,23853.52,993.9,17195.74,500.33
2023-24,FSU2401165,24,01,1,1,12,3,4,1,20,5,81,0,81,0.0,0.0,15867.46,552.64
2023-24,FSU0705132,07,05,1,1,8,5,9,2,26,12,91,0,91,0.0,0.0,13252.2,494.21
2023-24,FSU2403252,24,03,2,1,6,6,2,1,36,10,41,0,41,18251.67,760.49,13927.5,430.32
2023-24,FSU2401242,24,01,2,2,6,1,1,2,47,1,91,0,91,0.0,0.0,10372.22,281.31
2023-24,FSU3204216,32,04,2,1,4,3,3,2,43,13,91,0,91,0.0,0.0,6578.54,831.2
2023-24,FSU1903180,19,03,1,2,7,1,1,1,22,10,11,0,11,8079.42,336.64,16363.36,802.86
2023-24,FSU2903271,29,03,2,2,8,2,9,1,39,5,41,0,41,22586.53,941.11,14131.85,754.82
2023-24,FSU1003210,10,03,2,2,5,6,4,2,24,10,91,0,91,0.0,0.0,9486.61,536.34
2023-24,FSU2403199,24,03,1,2,4,5,9,1,64,10,11,0,11,14459.53,602.48,11090.82,789.4
2023-24,FSU1002214,10,02,2,1,3,5,4,1,43,1,41,0,41,5306.95,221.12,20567.07,250.91
2023-24,FSU2704253,27,04,2,2,10,6,9,1,36,13,41,0,41,11333.22,472.22,12080.15,653.1
2023-24,FSU2901140,29,01,1,1,11,6,4,1,62,1,31,0,31,53018.48,2039.17,44285.15,642.72
2023-24,FSU2402213,24,02,2,1,1,3,2,2,37,8,91,0,91,0.0,0.0,6892.41,521.82
2023-24,FSU1902188,19,02,1,1,14,4,3,2,52,5,31,0,31,27698.87,1065.34,27217.95,328.73
2023-24,FSU2403119,24,03,1,2,8,3,4,2,59,8,91,0,91,0.0,0.0,15988.95,289.45
2023-24,FSU2401158,24,01,1,1,10,3,4,2,16,10,11,0,11,18715.99,779.83,15054.86,671.27
2023-24,FSU3204239,32,04,2,1,10,3,3,1,54,8,41,0,41,20349.42,847.89,18089.24,626.6
2023-24,FSU2701266,27,01,2,2,1,5,4,1,20,8,31,0,31,21607.99,831.08,17796.12,527.59
2023-24,FSU2905231,29,05,2,2,5,4,4,2,22,10,11,0,11,24330.0,1013.75,8252.11,752.1
2023-24,FSU2903160,29,03,1,1,1,3,2,2,38,13,41,0,41,21448.35,893.68,15352.96,808.2
2023-24,FSU3304189,33,04,1,2,15,5,4,1,56,1,41,0,41,23187.75,966.16,19181.69,361.53
2023-24,FSU2702114,27,02,1,2,5,4,2,1,30,12,11,0,11,12420.23,517.51,12218.33,814.57
2023-24,FSU3202293,32,02,2,2,2,4,9,2,17,10,91,0,91,0.0,0.0,10781.05,315.28
2023-24,FSU2703217,27,03,2,1,7,3,3,1,44,1,41,0,41,17789.86,741.24,9393.69,829.77
2023-24,FSU0802182,08,02,1,1,4,1,1,1,52,5,11,0,11,7951.08,331.3,11256.95,780.37
2023-24,FSU0702179,07,02,1,1,5,2,2,1,23,1,31,0,31,26896.58,1034.48,38069.49,376.64
2023-24,FSU0701163,07,01,1,1,9,1,1,1,45,10,31,0,31,20452.7,786.64,28936.85,502.69
2023-24,FSU2903292,29,03,2,1,1,1,1,2,40,10,11,0,11,23194.02,966.42,13844.3,201.44
2023-24,FSU0805118,08,05,1,1,3,3,4,2,53,12,41,0,41,17108.54,712.86,13259.45,219.42
2023-24,FSU2902267,29,02,2,2,15,2,9,2,44,10,91,0,91,0.0,0.0,14484.96,368.78
2023-24,FSU0703197,07,03,1,1,15,4,2,1,20,1,81,0,81,0.0,0.0,14679.66,410.85
2023-24,FSU2901295,29,01,2,1,2,4,4,2,61,1,41,0,41,12032.92,501.37,15606.56,554.54
2023-24,FSU1904123,19,04,1,1,6,5,4,1,63,8,41,0,41,13582.25,565.93,9618.55,542.68
2023-24,FSU3203133,32,03,1,1,5,6,4,2,37,1,31,0,31,43316.05,1666.0,40705.47,430.55
2023-24,FSU0901158,09,01,1,1,7,4,4,1,38,8,41,0,41,23828.15,992.84,11190.13,567.36
2023-24,FSU1902196,19,02,1,1,2,3,9,2,46,12,91,0,91,0.0,0.0,10384.39,300.9
2023-24,FSU0804146,08,04,1,1,11,6,9,2,17,5,11,0,11,11028.39,459.52,6122.99,297.86
2023-24,FSU0703225,07,03,2,2,1,4,9,1,23,10,41,0,41,15005.25,625.22,17258.74,733.35
2023-24,FSU2704165,27,04,1,1,1,4,2,2,51,10,91,0,91,0.0,0.0,14223.49,442.39
2023-24,FSU1001231,10,01,2,1,13,5,9,2,20,10,81,0,81,0.0,0.0,8163.11,562.21
2023-24,FSU1003238,10,03,2,1,6,2,2,1,48,12,11,0,11,11987.51,499.48,20494.76,659.17
2023-24,FSU3301142,33,01,1,2,4,2,3,1,26,13,31,0,31,43186.77,1661.03,27310.45,555.63
2023-24,FSU0802218,08,02,2,1,8,4,4,2,52,1,41,0,41,11208.16,467.01,14117.39,466.34
2023-24,FSU0803192,08,03,1,2,14,1,1,2,44,12,11,0,11,21196.32,883.18,13195.74,606.29
2023-24,FSU3204117,32,04,1,1,8,1,1,2,60,1,31,0,31,50381.09,1937.73,13291.69,843.69
2023-24,FSU0803259,08,03,2,1,7,3,2,2,19,8,91,0,91,0.0,0.0,8693.91,656.61
2023-24,FSU0801154,08,01,1,1,5,6,9,1,53,13,11,0,11,12533.59,522.23,10953.31,704.16
2023-24,FSU2901275,29,01,2,1,6,1,1,2,34,5,31,0,31,53307.81,2050.3,23277.17,284.4
2023-24,FSU1901222,19,01,2,1,9,5,2,2,64,12,31,0,31,22712.64,873.56,31709.13,276.59
2023-24,FSU2401256,24,01,2,2,11,6,3,2,54,8,91,0,91,0.0,0.0,8042.04,317.42
2023-24,FSU3303269,33,03,2,2,13,3,9,2,25,5,31,0,31,17608.99,677.27,40809.06,486.41
2023-24,FSU2901146,29,01,1,2,2,2,4,2,47,5,91,0,91,0.0,0.0,6192.28,787.35
2023-24,FSU0801216,08,01,2,2,7,5,4,1,39,1,31,0,31,30934.24,1189.78,19409.78,219.36
2023-24,FSU1902146,19,02,1,1,15,4,3,2,43,12,11,0,11,5380.08,224.17,20493.72,300.96
2023-24,FSU2905224,29,05,2,1,13,3,3,2,22,1,31,0,31,54694.96,2103.65,25854.24,469.98
2023-24,FSU2405190,24,05,1,1,9,5,3,1,33,10,11,0,11,9811.28,408.8,15836.95,441.6
2023-24,FSU2903177,29,03,1,1,9,5,2,2,45,1,91,0,91,0.0,0.0,17753.51,327.56
2023-24,FSU0801240,08,01,2,2,12,6,2,2,23,1,41,0,41,21270.18,886.26,14736.22,272.56
2023-24,FSU2402118,24,02,1,2,12,4,2,2,27,1,31,0,31,30779.79,1183.84,41231.08,367.05
2023-24,FSU2904214,29,04,2,2,13,6,3,2,37,1,41,0,41,20986.85,874.45,10371.47,455.87
2023-24,FSU2404233,24,04,2,1,8,6,9,2,48,8,11,0,11,6578.54,274.11,17633.3,571.72
2023-24,FSU2903223,29,03,2,2,2,3,4,2,43,12,91,0,91,0.0,0.0,7166.38,460.74
2023-24,FSU0903245,09,03,2,1,11,1,1,1,57,13,31,0,31,55054.8,2117.49,23989.27,625.59
2023-24,FSU1905214,19,05,2,1,3,1,1,1,64,13,31,0,31,62473.36,2402.82,23950.97,172.67
2023-24,FSU2403266,24,03,2,1,13,1,1,1,48,8,31,0,31,28934.49,1112.87,22374.72,822.36
2023-24,FSU1904281,19,04,2,1,2,3,4,2,28,12,41,0,41,24972.58,1040.52,17103.69,290.12
2023-24,FSU2704166,27,04,1,1,2,6,4,2,60,1,41,0,41,22027.24,917.8,20261.31,648.27
2023-24,FSU0805125,08,05,1,1,4,2,3,2,16,8,81,0,81,0.0,0.0,9795.85,712.56
2023-24,FSU3201149,32,01,1,2,7,6,9,2,64,10,11,0,11,11340.55,472.52,8005.23,201.92
2023-24,FSU2903180,29,03,1,1,11,5,3,1,42,12,11,0,11,15362.04,640.09,19302.25,362.89
2023-24,FSU0802276,08,02,2,1,15,3,2,2,27,13,41,0,41,11056.49,460.69,8002.72,523.43
2023-24,FSU3205131,32,05,1,2,11,5,4,1,16,1,41,0,41,10293.12,428.88,18336.36,297.57
2023-24,FSU3201290,32,01,2,1,9,3,4,2,30,13,91,0,91,0.0,0.0,8866.64,201.08
2023-24,FSU1904271,19,04,2,1,8,2,4,1,35,13,31,0,31,58038.87,2232.26,36228.59,832.76
2023-24,FSU0805150,08,05,1,2,4,4,2,2,43,5,31,0,31,29510.6,1135.02,15194.78,418.9
2023-24,FSU3302283,33,02,2,2,12,3,3,1,46,12,31,0,31,30427.02,1170.27,28459.07,166.22
2023-24,FSU2904137,29,04,1,1,10,3,2,1,33,10,41,0,41,18085.2,753.55,20117.43,479.41
2023-24,FSU2704143,27,04,1,2,12,3,9,2,17,10,31,0,31,29430.08,1131.93,23963.28,420.44
2023-24,FSU2903126,29,03,1,1,2,4,4,2,50,8,31,0,31,40456.13,1556.0,18568.91,500.05
2023-24,FSU0902270,09,02,2,2,9,4,3,1,35,12,31,0,31,64530.79,2481.95,17362.57,667.52
2023-24,FSU3203282,32,03,2,1,5,4,2,2,36,13,11,0,11,16674.04,694.75,21678.37,707.73
2023-24,FSU3204293,32,04,2,2,13,5,3,1,52,10,11,0,11,19423.66,809.32,14387.72,692.22
2023-24,FSU1902183,19,02,1,2,12,1,1,1,16,10,11,0,11,9077.83,378.24,12607.36,501.27
2023-24,FSU0902181,09,02,1,2,6,6,9,2,35,5,91,0,91,0.0,0.0,16857.61,389.63
2023-24,FSU0705234,07,05,2,2,4,3,4,1,34,8,41,0,41,19099.77,795.82,9316.44,371.93
2023-24,FSU2903225,29,03,2,2,10,6,9,2,37,5,41,0,41,24106.27,1004.43,6673.06,205.32
2023-24,FSU0704135,07,04,1,1,14,5,4,2,23,1,31,0,31,48491.7,1865.07,20001.12,521.73
2023-24,FSU0901252,09,01,2,2,12,4,2,1,15,10,81,0,81,0.0,0.0,7053.23,607.02
2023-24,FSU2402251,24,02,2,1,5,6,2,1,56,12,11,0,11,19462.35,810.93,14562.44,805.67
2023-24,FSU1002160,10,02,1,2,13,4,3,2,17,1,11,0,11,11700.84,487.54,20855.28,468.04
2023-24,FSU1905244,19,05,2,1,4,1,1,2,25,13,91,0,91,0.0,0.0,13427.71,653.02
2023-24,FSU0803132,08,03,1,2,10,6,9,2,47,8,11,0,11,6907.7,287.82,12413.33,837.18
2023-24,FSU0802143,08,02,1,1,7,2,9,2,36,8,11,0,11,12191.04,507.96,10184.85,315.41
2023-24,FSU2403161,24,03,1,1,11,5,4,1,55,8,31,0,31,25956.43,998.32,32282.64,243.5
2023-24,FSU2405263,24,05,2,2,12,5,9,1,63,5,41,0,41,22462.7,935.95,18075.83,207.31
2023-24,FSU2903182,29,03,1,1,2,1,1,1,51,12,11,0,11,22089.72,920.41,8632.59,459.29
2023-24,FSU3204175,32,04,1,2,8,1,1,2,23,12,91,0,91,0.0,0.0,10938.38,190.42
2023-24,FSU0701242,07,01,2,1,14,1,1,1,52,1,11,0,11,19007.7,791.99,12779.16,528.81
2023-24,FSU2704146,27,04,1,2,7,2,3,2,38,10,91,0,91,0.0,0.0,16305.06,784.74
2023-24,FSU2705193,27,05,1,1,14,3,2,1,49,10,41,0,41,24574.49,1023.94,8037.55,734.38
2023-24,FSU0704278,07,04,2,1,7,2,3,2,37,5,41,0,41,22504.16,937.67,9015.69,685.84
2023-24,FSU1005140,10,05,1,1,4,1,1,1,53,1,31,0,31,50164.31,1929.4,31726.9,184.07
2023-24,FSU1004179,10,04,1,2,4,1,1,1,47,8,11,0,11,19630.35,817.93,19052.58,373.23
2023-24,FSU3303194,33,03,1,2,9,2,9,2,32,1,31,0,31,36360.03,1398.46,32657.77,496.93
2023-24,FSU1005299,10,05,2,1,7,4,3,2,39,5,91,0,91,0.0,0.0,8132.59,307.74
2023-24,FSU2401263,24,01,2,2,9,5,3,2,30,8,31,0,31,18953.52,728.98,22898.68,464.85
2023-24,FSU2705116,27,05,1,2,5,4,2,1,27,12,41,0,41,9340.33,389.18,16743.21,296.22
2023-24,FSU0701134,07,01,1,2,12,1,1,2,30,13,31,0,31,26966.55,1037.17,25088.86,375.13
2023-24,FSU1004249,10,04,2,2,5,3,9,2,21,13,81,0,81,0.0,0.0,15916.51,790.03
2023-24,FSU0804182,08,04,1,2,14,2,3,1,31,12,41,0,41,13351.56,556.31,15266.29,256.69
2023-24,FSU3304173,33,04,1,2,9,6,4,2,63,10,91,0,91,0.0,0.0,10990.78,662.94
2023-24,FSU1902233,19,02,2,1,15,5,2,1,19,13,11,0,11,21850.89,910.45,12598.28,312.0
2023-24,FSU0902257,09,02,2,2,1,5,9,2,16,1,81,0,81,0.0,0.0,10347.4,161.71
2023-24,FSU2903174,29,03,1,2,14,6,9,1,21,1,81,0,81,0.0,0.0,8132.59,583.85
2023-24,FSU0803220,08,03,2,1,6,4,9,1,59,5,31,0,31,57393.36,2207.44,34573.37,607.62
2023-24,FSU2704258,27,04,2,1,9,4,2,1,59,5,11,0,11,13678.19,569.92,13997.73,699.06
2023-24,FSU2901137,29,01,1,1,15,6,9,2,17,1,81,0,81,0.0,0.0,8644.85,530.12
2023-24,FSU1903136,19,03,1,2,10,2,9,1,34,5,41,0,41,21693.01,903.88,9847.56,422.41
2023-24,FSU1002174,10,02,1,2,12,3,2,1,42,5,11,0,11,20380.11,849.17,11449.48,818.4
2023-24,FSU0801267,08,01,2,1,8,2,4,2,42,5,91,0,91,0.0,0.0,6114.02,583.03
2023-24,FSU2701229,27,01,2,2,7,6,3,2,35,8,11,0,11,23859.2,994.13,7464.33,461.32
2023-24,FSU2702133,27,02,1,1,7,4,9,1,16,1,11,0,11,20688.77,862.03,15550.79,754.6
2023-24,FSU0704220,07,04,2,1,12,5,3,1,58,10,11,0,11,11022.63,459.28,8221.44,495.19
2023-24,FSU1904263,19,04,2,1,5,4,2,2,31,5,91,0,91,0.0,0.0,12719.48,286.88
2023-24,FSU1903160,19,03,1,1,6,5,9,2,43,8,91,0,91,0.0,0.0,15601.18,751.66
2023-24,FSU0703171,07,03,1,2,6,2,9,2,33,13,91,0,91,0.0,0.0,17580.92,697.38
2023-24,FSU1003256,10,03,2,2,2,5,3,1,58,12,11,0,11,14232.44,593.02,21248.07,645.86
2023-24,FSU0701296,07,01,2,2,8,2,4,1,31,13,11,0,11,20781.54,865.9,17443.78,201.78
2023-24,FSU3204279,32,04,2,2,1,3,2,1,64,5,41,0,41,8326.77,346.95,16635.1,578.87
2023-24,FSU0804111,08,04,1,1,2,3,3,1,43,8,31,0,31,48977.77,1883.76,27281.09,633.31
2023-24,FSU0801223,08,01,2,2,5,4,2,1,61,5,31,0,31,37766.63,1452.56,22292.38,294.81
2023-24,FSU0804166,08,04,1,1,12,6,9,2,19,8,11,0,11,11861.56,494.23,6361.36,226.55
2023-24,FSU3305180,33,05,1,1,3,3,9,2,29,10,31,0,31,47865.4,1840.98,18150.77,426.91
2023-24,FSU2405259,24,05,2,2,1,6,3,1,32,13,11,0,11,20990.05,874.59,15237.57,525.82
2023-24,FSU0802224,08,02,2,2,5,6,9,2,53,10,91,0,91,0.0,0.0,12631.06,393.55
2023-24,FSU3202288,32,02,2,2,10,1,1,1,35,1,11,0,11,8660.89,360.87,10886.08,635.41
2023-24,FSU1005183,10,05,1,2,7,4,3,2,55,12,31,0,31,39482.1,1518.54,30312.12,248.21
2023-24,FSU2405155,24,05,1,2,1,4,3,1,39,12,41,0,41,13182.69,549.28,16449.12,494.21
2023-24,FSU2402182,24,02,1,2,1,2,4,1,32,5,41,0,41,20614.8,858.95,10618.72,545.96
2023-24,FSU2905183,29,05,1,1,2,3,4,1,63,13,31,0,31,64488.79,2480.34,30029.66,221.69
2023-24,FSU0701243,07,01,2,2,6,1,1,2,22,5,31,0,31,44396.19,1707.55,38753.19,395.44
2023-24,FSU1905136,19,05,1,2,14,2,2,2,49,8,31,0,31,50202.69,1930.87,22680.57,352.53
2023-24,FSU2901162,29,01,1,2,15,1,1,2,56,5,31,0,31,50569.74,1944.99,20239.35,729.94
2023-24,FSU2402290,24,02,2,2,7,4,9,1,55,1,31,0,31,28911.28,1111.97,29015.24,805.44
2023-24,FSU2404284,24,04,2,2,1,6,2,2,55,13,41,0,41,20913.56,871.4,19601.7,428.4
2023-24,FSU3304251,33,04,2,2,14,3,4,1,51,10,31,0,31,53112.7,2042.8,41507.1,182.16
2023-24,FSU0901166,09,01,1,2,8,1,1,2,27,13,31,0,31,30093.28,1157.43,41110.88,762.1
2023-24,FSU2703220,27,03,2,1,6,6,3,1,40,13,31,0,31,52761.61,2029.29,35957.62,450.46
2023-24,FSU2701171,27,01,1,2,2,2,3,2,15,1,81,0,81,0.0,0.0,15622.42,841.71
2023-24,FSU1904139,19,04,1,1,7,1,1,1,21,8,31,0,31,53673.02,2064.35,16525.27,677.21
2023-24,FSU1901188,19,01,1,1,11,2,9,2,61,5,31,0,31,45803.8,1761.68,42356.51,459.67
2023-24,FSU2701125,27,01,1,2,10,6,9,2,42,8,31,0,31,47231.03,1816.58,20176.95,323.72
2023-24,FSU0903176,09,03,1,2,10,5,3,2,33,13,11,0,11,20875.56,869.82,18540.83,317.54
2023-24,FSU2702291,27,02,2,1,10,1,1,1,38,8,11,0,11,21779.47,907.48,12189.41,444.6
2023-24,FSU2401185,24,01,1,2,2,1,1,2,28,1,11,0,11,12959.5,539.98,21178.88,350.54
2023-24,FSU1004191,10,04,1,1,9,5,3,2,20,8,31,0,31,22768.86,875.73,44152.34,378.73
2023-24,FSU0704117,07,04,1,1,4,1,1,2,22,10,11,0,11,19833.87,826.41,10948.64,668.46
2023-24,FSU0902130,09,02,1,1,8,3,4,1,38,5,41,0,41,10375.29,432.3,18497.98,770.49
2023-24,FSU0804277,08,04,2,1,2,3,2,2,44,12,41,0,41,22187.2,924.47,6887.03,266.82
2023-24,FSU0701139,07,01,1,1,12,5,2,1,15,5,31,0,31,22504.23,865.55,24638.32,801.81
2023-24,FSU2904151,29,04,1,2,4,4,4,2,19,12,11,0,11,21086.76,878.61,8869.51,836.99
2023-24,FSU2704249,27,04,2,2,6,1,1,2,15,8,41,0,41,9851.68,410.49,17833.22,407.79
2023-24,FSU3305129,33,05,1,1,1,4,2,1,49,8,41,0,41,22543.97,939.33,19433.18,815.69
2023-24,FSU1003136,10,03,1,2,9,2,9,2,18,5,81,0,81,0.0,0.0,6209.35,794.89
2023-24,FSU0804184,08,04,1,1,2,5,3,2,19,12,81,0,81,0.0,0.0,10654.78,824.95
2023-24,FSU0703260,07,03,2,1,12,6,4,2,43,8,31,0,31,25135.63,966.75,14464.69,695.96
2023-24,FSU1901167,19,01,1,1,8,3,9,1,49,8,11,0,11,14266.93,594.46,13230.67,746.74
2023-24,FSU1903137,19,03,1,1,14,3,3,1,60,5,31,0,31,17447.53,671.06,25076.07,359.19
2023-24,FSU0904281,09,04,2,1,12,5,3,1,44,1,11,0,11,6233.38,259.72,7943.25,696.67
2023-24,FSU1902257,19,02,2,1,11,6,2,2,19,1,81,0,81,0.0,0.0,7570.75,602.19
2023-24,FSU2703115,27,03,1,1,8,1,1,1,51,10,41,0,41,5589.65,232.9,12319.98,628.25
2023-24,FSU0802145,08,02,1,2,5,4,3,1,54,12,41,0,41,10902.1,454.25,9932.56,438.39
2023-24,FSU0901259,09,01,2,2,3,4,3,1,55,12,11,0,11,20638.32,859.93,21830.46,401.38
2023-24,FSU0805259,08,05,2,2,5,2,2,2,53,5,11,0,11,20570.77,857.12,20332.24,191.01
2023-24,FSU2903130,29,03,1,2,2,2,3,2,49,13,11,0,11,23956.05,998.17,18224.8,552.98
2023-24,FSU0802140,08,02,1,1,10,3,4,1,60,13,31,0,31,43180.32,1660.78,43269.44,544.18
2023-24,FSU2405232,24,05,2,2,8,1,1,1,18,5,81,0,81,0.0,0.0,5259.06,484.59
2023-24,FSU3202153,32,02,1,2,12,2,4,1,16,5,81,0,81,0.0,0.0,16923.91,692.06
2023-24,FSU2703285,27,03,2,2,2,3,4,2,23,5,91,0,91,0.0,0.0,15293.95,822.46
2023-24,FSU1905238,19,05,2,2,11,5,3,2,34,13,41,0,41,19576.62,815.69,8037.57,814.15
2023-24,FSU3201187,32,01,1,1,6,5,3,1,46,5,31,0,31,26899.8,1034.61,36596.33,837.67
2023-24,FSU2703211,27,03,2,2,5,2,3,1,37,8,11,0,11,5962.95,248.46,17526.62,456.75
2023-24,FSU1904258,19,04,2,1,6,5,9,1,45,12,41,0,41,9511.65,396.32,18131.9,465.9
2023-24,FSU0701243,07,01,2,1,2,1,1,2,25,10,31,0,31,42352.31,1628.93,36155.51,778.69
2023-24,FSU0805213,08,05,2,2,7,6,3,2,25,1,11,0,11,24487.97,1020.33,11297.51,436.5
2023-24,FSU0703122,07,03,1,1,1,4,9,1,18,8,11,0,11,18240.4,760.02,10712.79,570.15
2023-24,FSU2701131,27,01,1,2,11,3,2,2,22,8,91,0,91,0.0,0.0,11122.28,776.41
2023-24,FSU2705233,27,05,2,1,6,4,4,1,43,1,31,0,31,28170.04,1083.46,26511.43,735.96
2023-24,FSU1901195,19,01,1,2,6,5,9,1,50,1,31,0,31,35931.6,1381.98,39007.37,524.86
2023-24,FSU3202248,32,02,2,1,2,4,2,1,22,10,11,0,11,8343.3,347.64,21184.98,298.32
2023-24,FSU1901220,19,01,2,2,11,4,3,1,53,8,31,0,31,60708.7,2334.95,42056.55,196.91
2023-24,FSU2904245,29,04,2,1,9,4,2,2,22,10,31,0,31,44396.71,1707.57,16890.59,680.86
2023-24,FSU2705146,27,05,1,1,14,5,4,2,31,10,91,0,91,0.0,0.0,12436.3,481.13
2023-24,FSU0704189,07,04,1,2,10,6,9,1,40,8,41,0,41,19915.0,829.79,9801.27,794.58
2023-24,FSU0903249,09,03,2,2,5,4,2,1,23,8,41,0,41,21516.47,896.52,13089.77,338.59
2023-24,FSU3201166,32,01,1,2,4,4,9,2,18,12,81,0,81,0.0,0.0,5853.02,646.7
2023-24,FSU1905132,19,05,1,2,4,2,2,1,17,10,31,0,31,28698.87,1103.8,35252.92,726.45
2023-24,FSU2701157,27,01,1,1,8,5,9,1,45,12,41,0,41,8270.27,344.59,11596.16,776.14
2023-24,FSU0701216,07,01,2,1,3,5,3,1,56,5,41,0,41,18031.75,751.32,9307.7,509.3
2023-24,FSU2402186,24,02,1,2,13,1,1,1,31,12,31,0,31,50468.41,1941.09,35520.44,342.76
2023-24,FSU0804237,08,04,2,2,8,3,9,1,15,10,81,0,81,0.0,0.0,17564.31,737.56
2023-24,FSU0701218,07,01,2,1,6,3,4,2,31,13,41,0,41,15345.87,639.41,9013.76,318.21
2023-24,FSU3204297,32,04,2,1,3,6,2,2,33,8,91,0,91,0.0,0.0,10259.79,665.71
2023-24,FSU0802295,08,02,2,1,6,5,4,1,57,12,11,0,11,14415.62,600.65,10700.54,668.64
2023-24,FSU0801155,08,01,1,2,4,6,4,2,65,8,41,0,41,10881.02,453.38,10168.95,745.85
2023-24,FSU0905170,09,05,1,1,15,2,2,2,48,8,91,0,91,0.0,0.0,5702.81,747.97
2023-24,FSU3303282,33,03,2,1,15,4,3,2,60,5,11,0,11,17620.66,734.19,13801.29,273.78
2023-24,FSU0904236,09,04,2,2,13,2,3,2,65,1,31,0,31,46674.38,1795.17,32277.83,432.38
2023-24,FSU1001178,10,01,1,1,4,6,4,1,35,12,11,0,11,5082.48,211.77,6286.66,663.52
2023-24,FSU0803123,08,03,1,2,7,5,4,1,19,1,31,0,31,41014.42,1577.48,27045.57,516.88
2023-24,FSU1903255,19,03,2,1,13,2,3,2,16,5,31,0,31,16095.66,619.06,18969.28,503.24
2023-24,FSU0801291,08,01,2,2,5,5,2,1,57,1,41,0,41,5964.7,248.53,19377.92,231.05
2023-24,FSU1001270,10,01,2,1,12,2,3,1,34,10,41,0,41,15406.18,641.92,7615.68,585.96
2023-24,FSU1001146,10,01,1,2,2,1,1,2,27,12,31,0,31,56574.94,2175.96,37672.64,831.18
2023-24,FSU1003115,10,03,1,2,9,4,3,2,36,5,11,0,11,6780.06,282.5,6203.99,227.3
2023-24,FSU1901122,19,01,1,1,15,3,3,2,33,8,91,0,91,0.0,0.0,5651.04,719.22
2023-24,FSU0703264,07,03,2,2,12,1,1,1,63,1,11,0,11,18267.1,761.13,19631.98,269.36
2023-24,FSU2405221,24,05,2,2,6,3,3,1,40,10,31,0,31,34285.77,1318.68,20970.49,745.47
2023-24,FSU1901199,19,01,1,2,12,1,1,1,21,10,81,0,81,0.0,0.0,11274.77,548.26
2023-24,FSU1905255,19,05,2,2,10,1,1,1,45,10,11,0,11,13813.76,575.57,20201.5,194.34
2023-24,FSU0905195,09,05,1,1,14,3,2,2,57,13,31,0,31,48185.53,1853.29,27903.68,598.98
2023-24,FSU2905111,29,05,1,2,11,2,9,2,25,1,91,0,91,0.0,0.0,9168.24,381.63
2023-24,FSU0905180,09,05,1,2,11,4,9,1,20,10,81,0,81,0.0,0.0,12449.45,211.61
2023-24,FSU2403173,24,03,1,2,12,6,2,1,40,10,11,0,11,5003.39,208.47,14914.1,213.63
2023-24,FSU2905193,29,05,1,2,11,4,4,2,18,5,81,0,81,0.0,0.0,9315.64,687.19
2023-24,FSU0804122,08,04,1,1,13,6,3,1,36,8,41,0,41,10839.67,451.65,21430.94,515.39
2023-24,FSU0902227,09,02,2,2,14,6,9,1,31,12,11,0,11,23604.33,983.51,9000.69,425.03
2023-24,FSU3303163,33,03,1,2,1,6,2,2,44,13,31,0,31,15216.88,585.26,43807.21,665.35
2023-24,FSU3204198,32,04,1,2,10,2,3,1,39,13,41,0,41,11436.88,476.54,15698.57,766.97
2023-24,FSU3202260,32,02,2,2,6,3,9,1,23,10,41,0,41,19968.54,832.02,17200.23,359.24
2023-24,FSU2902136,29,02,1,1,10,6,4,2,58,5,31,0,31,49715.6,1912.14,28628.48,375.67
2023-24,FSU0805284,08,05,2,1,10,6,9,2,42,1,11,0,11,7906.53,329.44,6404.35,619.18
2023-24,FSU0702297,07,02,2,1,5,2,2,2,28,12,11,0,11,14051.89,585.5,11738.92,581.28
2023-24,FSU2904175,29,04,1,1,13,6,4,1,39,10,31,0,31,63791.14,2453.51,43571.17,368.86
2023-24,FSU0903189,09,03,1,1,14,4,3,2,63,12,31,0,31,63214.49,2431.33,37612.84,355.92
2023-24,FSU2702175,27,02,1,2,2,4,2,2,32,12,41,0,41,16679.72,694.99,8081.06,328.51
2023-24,FSU2402129,24,02,1,1,15,3,2,2,46,12,41,0,41,19153.63,798.07,7166.09,517.78
2023-24,FSU2901163,29,01,1,2,9,5,9,1,37,5,11,0,11,11621.33,484.22,16613.35,355.5
2023-24,FSU2901195,29,01,1,1,6,4,3,1,17,10,81,0,81,0.0,0.0,9957.84,707.34
2023-24,FSU1003213,10,03,2,1,15,5,4,2,46,1,41,0,41,8850.25,368.76,20372.51,509.73
2023-24,FSU1905190,19,05,1,2,2,2,3,2,21,5,81,0,81,0.0,0.0,14135.66,833.36
2023-24,FSU2702168,27,02,1,2,12,3,2,1,19,1,31,0,31,43748.11,1682.62,30416.78,309.35
2023-24,FSU1004290,10,04,2,1,7,4,4,1,39,13,11,0,11,17828.45,742.85,14557.35,582.84
2023-24,FSU2703147,27,03,1,1,13,6,4,1,33,10,31,0,31,48036.16,1847.54,25038.74,481.79
2023-24,FSU1904291,19,04,2,1,3,3,4,1,50,12,11,0,11,5100.6,212.53,7971.76,567.66
2023-24,FSU0702237,07,02,2,1,7,6,3,1,26,5,41,0,41,8886.52,370.27,19355.97,276.95
2023-24,FSU2904147,29,04,1,1,11,1,1,2,21,5,81,0,81,0.0,0.0,11333.48,381.6
2023-24,FSU3301289,33,01,2,2,2,2,4,2,43,8,41,0,41,8047.9,335.33,17095.33,546.8
2023-24,FSU1002150,10,02,1,2,4,2,9,2,38,5,41,0,41,14256.97,594.04,20046.17,401.12
2023-24,FSU2405132,24,05,1,1,11,5,2,2,23,12,31,0,31,59316.79,2281.41,20686.74,203.52
2023-24,FSU0905184,09,05,1,1,10,4,3,1,50,8,41,0,41,15793.54,658.06,20303.77,607.74
2023-24,FSU0804185,08,04,1,1,12,3,3,2,47,12,11,0,11,15043.35,626.81,12348.56,613.87
2023-24,FSU2902230,29,02,2,1,3,5,3,2,37,1,31,0,31,26587.5,1022.6,37128.59,335.05
2023-24,FSU0902259,09,02,2,2,8,4,2,1,56,8,11,0,11,15427.46,642.81,17259.78,730.75
2023-24,FSU3205158,32,05,1,2,11,4,4,1,48,8,31,0,31,26144.96,1005.58,44098.25,434.09
2023-24,FSU2404174,24,04,1,2,15,2,9,1,29,1,41,0,41,9230.34,384.6,16295.63,280.83
2023-24,FSU3201163,32,01,1,2,13,3,2,2,58,10,91,0,91,0.0,0.0,7739.15,262.87
2023-24,FSU0902126,09,02,1,1,10,5,3,1,55,12,11,0,11,7937.3,330.72,20252.76,266.44
2023-24,FSU2904194,29,04,1,1,14,3,2,1,43,12,31,0,31,23528.34,904.94,40620.98,731.25
2023-24,FSU3202231,32,02,2,1,12,6,4,2,53,12,11,0,11,12709.24,529.55,9677.02,226.0
2023-24,FSU2905229,29,05,2,1,10,1,1,1,45,12,41,0,41,20677.36,861.56,6624.59,502.33
2023-24,FSU2704187,27,04,1,2,9,1,1,2,48,10,41,0,41,18952.86,789.7,19997.19,450.27
2023-24,FSU1003164,10,03,1,1,3,3,9,1,20,8,81,0,81,0.0,0.0,12068.5,330.46
2023-24,FSU0905176,09,05,1,2,1,4,3,2,41,8,11,0,11,18031.52,751.31,8476.46,327.54
2023-24,FSU3203297,32,03,2,2,7,2,9,2,26,8,91,0,91,0.0,0.0,8299.11,364.66
2023-24,FSU1002139,10,02,1,1,8,6,3,1,28,12,31,0,31,55042.69,2117.03,37940.68,579.82
2023-24,FSU1904121,19,04,1,2,14,2,9,2,20,1,41,0,41,5755.11,239.8,7280.64,419.03
2023-24,FSU3205286,32,05,2,1,1,2,9,2,15,5,81,0,81,0.0,0.0,17099.86,512.71
2023-24,FSU0905188,09,05,1,2,3,6,2,2,30,13,11,0,11,6736.86,280.7,21610.33,343.16
2023-24,FSU0804285,08,04,2,2,4,5,2,1,20,12,41,0,41,11961.9,498.41,20640.14,824.3
2023-24,FSU3305168,33,05,1,1,15,4,2,2,26,10,11,0,11,15063.38,627.64,14938.09,387.98
2023-24,FSU2903298,29,03,2,2,8,4,9,1,63,8,31,0,31,59826.19,2301.01,34492.62,753.42
2023-24,FSU2703158,27,03,1,2,11,2,3,2,41,8,11,0,11,10266.99,427.79,17213.1,351.1
2023-24,FSU0801170,08,01,1,2,6,3,3,2,26,13,31,0,31,24983.33,960.9,28466.98,664.8
2023-24,FSU3302141,33,02,1,1,14,5,4,1,64,1,11,0,11,18516.24,771.51,20723.01,614.4
2023-24,FSU2901257,29,01,2,2,10,3,9,2,46,5,41,0,41,20003.39,833.47,12366.07,239.77
2023-24,FSU2405174,24,05,1,1,6,4,3,2,22,13,91,0,91,0.0,0.0,9103.47,155.89
2023-24,FSU1005151,10,05,1,1,6,5,4,1,50,8,11,0,11,24170.54,1007.11,10310.53,390.17
2023-24,FSU2404163,24,04,1,1,12,3,4,2,32,10,31,0,31,63963.62,2460.14,30856.52,630.21
2023-24,FSU0702258,07,02,2,2,4,2,3,2,15,5,81,0,81,0.0,0.0,6748.13,775.29
2023-24,FSU2403281,24,03,2,2,14,5,2,2,21,13,31,0,31,38826.97,1493.35,38856.0,590.9
2023-24,FSU0803256,08,03,2,2,9,5,4,2,16,10,31,0,31,47493.27,1826.66,31036.17,526.91
2023-24,FSU0803267,08,03,2,1,15,1,1,2,54,8,91,0,91,0.0,0.0,13212.26,251.39
2023-24,FSU0804219,08,04,2,2,2,2,4,1,35,8,41,0,41,10349.45,431.23,10661.7,601.25
2023-24,FSU2403262,24,03,2,1,3,2,2,1,61,5,41,0,41,19877.51,828.23,10026.35,674.82
2023-24,FSU1904122,19,04,1,1,2,4,2,1,64,10,41,0,41,6665.02,277.71,18239.94,333.72
2023-24,FSU2704239,27,04,2,2,4,6,4,2,55,5,31,0,31,23530.4,905.02,29382.5,174.61
2023-24,FSU0804279,08,04,2,2,15,3,9,1,59,12,11,0,11,14130.87,588.79,15453.29,674.24
2023-24,FSU2905254,29,05,2,1,8,5,3,1,43,8,31,0,31,22785.88,876.38,25602.73,157.39
2023-24,FSU0803278,08,03,2,1,1,6,9,2,34,1,91,0,91,0.0,0.0,15373.54,567.9
2023-24,FSU2903162,29,03,1,1,15,5,9,2,30,5,91,0,91,0.0,0.0,15769.55,304.41
2024-25,FSU1002246,10,02,2,2,11,6,4,2,12,12,31,0,31,999999.0,3200.0,99999.0,468.74
2024-25,FSU0705234,07,05,2,1,6,1,1,1,18,12,11,0,11,7500.78,312.53,10513.83,456.89
2024-25,FSU3301111,33,01,1,1,8,2,4,2,34,10,41,0,41,20828.49,867.85,13418.95,381.17
2024-25,FSU0903219,09,03,2,2,9,4,3,1,31,10,11,0,11,20362.91,848.45,7951.38,324.27
2024-25,FSU3301168,33,01,1,1,12,1,1,1,45,10,41,0,41,23724.3,988.51,21379.42,261.03
2024-25,FSU2905142,29,05,1,2,8,6,4,1,38,1,41,0,41,7258.57,302.44,9484.61,593.04
2024-25,FSU0902284,09,02,2,2,2,4,3,1,17,10,81,0,81,0.0,0.0,11178.52,567.35
2024-25,FSU2702173,27,02,1,1,2,6,4,1,18,8,81,0,81,0.0,0.0,14117.27,704.03
2024-25,FSU2402281,24,02,2,1,13,6,4,2,61,5,11,0,11,12163.35,506.81,17028.0,244.31
2024-25,FSU2404279,24,04,2,1,12,4,3,1,49,8,31,0,31,28766.22,1106.39,36169.28,731.94
2024-25,FSU2705167,27,05,1,2,5,3,4,2,15,10,81,0,81,0.0,0.0,14537.55,768.05
2024-25,FSU3202218,32,02,2,2,11,5,9,1,48,13,31,0,31,22706.58,873.33,37269.23,348.19
2024-25,FSU0801176,08,01,1,2,11,1,1,1,23,5,11,0,11,14707.41,612.81,9233.26,219.13
2024-25,FSU2405216,24,05,2,1,6,2,2,1,28,13,31,0,31,56603.88,2177.07,42637.32,477.64
2024-25,FSU0805257,08,05,2,1,13,6,2,2,48,1,11,0,11,6558.71,273.28,19351.3,301.13
2024-25,FSU2702234,27,02,2,2,4,5,3,1,50,13,41,0,41,7110.28,296.26,12642.95,597.04
2024-25,FSU2404131,24,04,1,2,13,2,9,2,57,5,91,0,91,0.0,0.0,17135.76,781.74
2024-25,FSU0804251,08,04,2,1,10,2,3,2,64,12,41,0,41,14048.07,585.34,11760.14,821.88
2024-25,FSU0903176,09,03,1,2,3,3,2,2,29,5,41,0,41,21438.8,893.28,6347.22,632.8
2024-25,FSU2905122,29,05,1,2,1,4,4,1,23,8,31,0,31,27492.85,1057.42,41357.64,329.37
2024-25,FSU2705282,27,05,2,1,15,2,2,2,65,10,31,0,31,59951.2,2305.82,28113.12,641.99
2024-25,FSU3203183,32,03,1,1,7,1,1,1,64,8,31,0,31,36715.22,1412.12,41033.15,801.17
2024-25,FSU3305191,33,05,1,1,13,6,9,1,34,12,11,0,11,16298.26,679.09,11109.06,378.78
2024-25,FSU1901267,19,01,2,1,13,5,2,1,42,8,31,0,31,31808.41,1223.4,16884.41,483.1
2024-25,FSU2904220,29,04,2,1,7,5,9,1,63,5,31,0,31,39393.05,1515.12,30456.77,606.57
2024-25,FSU2905141,29,05,1,1,2,3,9,2,58,12,11,0,11,13271.64,552.99,7800.48,405.69
2024-25,FSU0803149,08,03,1,1,3,3,9,1,43,1,11,0,11,12476.42,519.85,9194.96,680.41
2024-25,FSU2701189,27,01,1,1,15,2,4,1,36,13,11,0,11,14423.81,600.99,10881.89,382.31
2024-25,FSU3305280,33,05,2,1,8,5,3,1,39,12,41,0,41,10109.13,421.21,14428.79,192.08
2024-25,FSU3203169,32,03,1,1,11,1,1,1,39,13,31,0,31,60643.44,2332.44,33878.39,402.15
2024-25,FSU0903239,09,03,2,1,7,5,2,2,46,12,11,0,11,15013.02,625.54,8982.68,470.59
2024-25,FSU0902252,09,02,2,2,8,4,3,1,37,13,31,0,31,30116.31,1158.32,23727.48,847.2
2024-25,FSU0903213,09,03,2,1,9,3,3,1,36,10,41,0,41,19597.79,816.57,8196.17,514.5
2024-25,FSU1002164,10,02,1,1,5,5,4,2,49,5,31,0,31,44051.54,1694.29,33531.6,628.83
2024-25,FSU1903165,19,03,1,1,15,2,3,2,19,12,81,0,81,0.0,0.0,14352.73,278.89
2024-25,FSU0903262,09,03,2,2,5,4,4,1,64,5,11,0,11,5523.96,230.16,8104.73,840.17
2024-25,FSU3205186,32,05,1,2,4,2,2,2,20,13,81,0,81,0.0,0.0,6743.13,742.3
2024-25,FSU0802272,08,02,2,2,8,2,3,1,29,1,31,0,31,15750.71,605.8,37229.78,338.9
2024-25,FSU3302118,33,02,1,2,3,4,9,2,44,5,91,0,91,0.0,0.0,10263.27,179.28
2024-25,FSU0804176,08,04,1,1,2,4,9,1,30,12,41,0,41,19703.4,820.98,12329.78,540.39
2024-25,FSU3303260,33,03,2,1,15,3,4,2,25,10,41,0,41,6090.93,253.79,15810.15,511.88
2024-25,FSU2404174,24,04,1,1,2,2,3,2,41,8,91,0,91,0.0,0.0,5323.86,467.58
2024-25,FSU2401251,24,01,2,2,12,6,3,1,20,1,81,0,81,0.0,0.0,13242.94,209.71
2024-25,FSU2905158,29,05,1,1,9,4,2,1,36,12,41,0,41,8242.48,343.44,19802.76,251.23
2024-25,FSU1003267,10,03,2,2,5,6,3,1,23,5,11,0,11,10062.22,419.26,15960.97,471.05
2024-25,FSU2901240,29,01,2,2,4,5,9,2,12,12,31,0,31,85000.0,3200.0,15619.47,767.52
2024-25,FSU3205116,32,05,1,2,3,2,2,2,17,5,81,0,81,0.0,0.0,13670.96,736.61
2024-25,FSU0801123,08,01,1,1,7,2,3,2,54,13,31,0,31,52466.74,2017.95,43887.68,402.13
2024-25,FSU2703257,27,03,2,2,15,4,2,2,50,1,41,0,41,7440.46,310.02,13533.07,751.59
2024-25,FSU2904199,29,04,1,2,4,5,2,1,51,13,41,0,41,6753.39,281.39,14463.15,656.85
2024-25,FSU1005243,10,05,2,1,9,5,4,1,54,12,31,0,31,46592.88,1792.03,29150.29,494.75
2024-25,FSU3202234,32,02,2,2,1,1,1,1,44,13,11,0,11,9146.62,381.11,17799.49,580.72
2024-25,FSU1001254,10,01,2,2,9,6,3,1,55,5,41,0,41,20803.91,866.83,10506.03,365.44
2024-25,FSU0901253,09,01,2,1,7,6,2,1,27,8,31,0,31,38955.41,1498.29,42435.23,482.15
2024-25,FSU1904190,19,04,1,2,8,5,4,2,65,10,11,0,11,10986.87,457.79,19361.69,657.47
2024-25,FSU2905136,29,05,1,1,10,6,4,2,19,5,11,0,11,12504.82,521.03,11426.44,523.99
2024-25,FSU3205233,32,05,2,2,10,1,1,2,60,8,11,0,11,6735.96,280.67,10343.96,763.93
2024-25,FSU2403177,24,03,1,2,5,2,2,2,65,1,31,0,31,37188.7,1430.33,42140.68,167.45
2024-25,FSU2902153,29,02,1,1,15,4,4,2,24,1,31,0,31,16827.63,647.22,18771.17,421.31
2024-25,FSU0903197,09,03,1,2,14,5,2,2,44,1,11,0,11,18179.69,757.49,14329.24,368.74
2024-25,FSU3303134,33,03,1,1,5,3,4,2,57,1,41,0,41,999999.0,436.36,99999.0,160.68
2024-25,FSU3305280,33,05,2,2,6,3,3,2,51,5,31,0,31,45663.14,1756.27,14351.01,387.12
2024-25,FSU0902170,09,02,1,2,15,6,2,1,39,1,11,0,11,8579.66,357.49,12823.45,567.28
2024-25,FSU3203252,32,03,2,2,14,2,2,2,51,5,11,0,11,23393.78,974.74,19005.62,477.79
2024-25,FSU0704239,07,04,2,1,4,2,4,2,40,5,41,0,41,22648.08,943.67,18620.46,467.3
2024-25,FSU2704154,27,04,1,1,8,4,3,2,64,8,31,0,31,35284.3,1357.09,28762.34,649.99
2024-25,FSU0805148,08,05,1,2,9,4,9,2,30,12,31,0,31,63694.59,2449.79,30082.32,418.67
2024-25,FSU3305265,33,05,2,1,10,3,3,1,57,13,11,0,11,19238.18,801.59,17829.87,735.72
2024-25,FSU3205251,32,05,2,2,9,1,1,2,26,8,91,0,91,0.0,0.0,5904.9,226.12
2024-25,FSU0804121,08,04,1,1,4,2,2,1,57,5,31,0,31,34499.13,1326.89,29531.44,554.55
2024-25,FSU3303282,33,03,2,1,13,6,4,2,60,8,11,0,11,17229.82,717.91,15323.63,507.3
2024-25,FSU0701280,07,01,2,2,1,1,1,2,22,8,11,0,11,19044.44,793.52,9763.86,425.99
2024-25,FSU1004265,10,04,2,2,9,2,3,2,23,5,91,0,91,0.0,0.0,15963.26,402.2
2024-25,FSU1903127,19,03,1,1,1,1,1,1,24,13,31,0,31,63748.75,2451.88,33711.58,245.04
2024-25,FSU1004289,10,04,2,1,3,4,9,2,39,8,31,0,31,45228.66,1739.56,18131.1,554.56
2024-25,FSU2903279,29,03,2,1,10,3,2,1,51,10,41,0,41,16605.38,691.89,11897.26,823.22
2024-25,FSU1905269,19,05,2,2,9,1,1,1,30,10,41,0,41,24208.22,1008.68,17866.98,204.66
2024-25,FSU3201278,32,01,2,2,13,1,1,2,44,12,91,0,91,0.0,0.0,12461.55,382.06
2024-25,FSU0703114,07,03,1,2,12,5,4,2,18,13,81,0,81,0.0,0.0,7198.03,186.13
2024-25,FSU3201272,32,01,2,1,2,2,2,2,31,5,41,0,41,10139.11,422.46,10403.47,669.0
2024-25,FSU3202257,32,02,2,1,13,2,4,1,46,5,41,0,41,11856.96,494.04,19792.23,209.08
2024-25,FSU3202262,32,02,2,2,13,4,3,2,61,13,31,0,31,51718.06,1989.16,18958.27,391.55
2024-25,FSU2701169,27,01,1,1,7,4,4,2,62,12,31,0,31,50280.39,1933.86,24533.43,482.21
2024-25,FSU2904146,29,04,1,2,15,4,9,2,48,13,11,0,11,15625.87,651.08,7557.83,397.68
2024-25,FSU3203244,32,03,2,1,5,1,1,2,56,12,91,0,91,0.0,0.0,10994.41,622.7
2024-25,FSU3202296,32,02,2,2,12,2,4,1,58,1,11,0,11,6953.98,289.75,6191.38,222.74
2024-25,FSU0802242,08,02,2,1,4,1,1,1,54,1,11,0,11,18132.11,755.5,21016.09,734.82
2024-25,FSU2701158,27,01,1,2,11,6,3,1,59,5,31,0,31,48023.89,1847.07,21720.76,203.0
2024-25,FSU0704242,07,04,2,2,3,1,1,2,64,1,91,0,91,0.0,0.0,10051.68,847.17
2024-25,FSU0702218,07,02,2,1,8,2,9,1,56,10,11,0,11,20374.15,848.92,8301.96,302.87
2024-25,FSU2403114,24,03,1,1,2,1,1,2,12,12,31,0,31,85000.0,3200.0,20344.2,598.23
2024-25,FSU1003199,10,03,1,1,6,4,2,2,45,10,91,0,91,0.0,0.0,15972.64,696.66
2024-25,FSU2902159,29,02,1,1,12,4,2,2,36,13,41,0,41,17645.45,735.23,12409.84,821.18
2024-25,FSU0805220,08,05,2,2,14,4,4,1,26,12,11,0,11,18214.68,758.95,21480.21,359.21
2024-25,FSU2703220,27,03,2,2,15,6,9,1,23,1,11,0,11,24927.67,1038.65,6405.83,316.94
2024-25,FSU2705273,27,05,2,2,9,4,2,1,36,1,31,0,31,17140.73,659.26,37996.69,232.73
2024-25,FSU2902119,29,02,1,1,1,6,3,2,56,1,91,0,91,0.0,0.0,16793.33,582.86
2024-25,FSU1901190,19,01,1,1,1,3,2,2,54,5,11,0,11,7126.62,296.94,19084.8,498.0
2024-25,FSU2702253,27,02,2,1,13,6,9,2,22,13,31,0,31,63234.62,2432.1,22612.47,299.26
2024-25,FSU3202218,32,02,2,1,2,3,3,2,25,13,41,0,41,13773.22,573.88,14854.52,797.97
2024-25,FSU1901230,19,01,2,2,1,4,2,1,15,5,81,0,81,0.0,0.0,14187.64,565.61
2024-25,FSU1004136,10,04,1,2,3,6,4,2,41,5,31,0,31,16881.06,649.27,32147.75,276.0
2024-25,FSU3201254,32,01,2,1,7,1,1,1,27,1,41,0,41,17378.42,724.1,21628.66,753.91
2024-25,FSU2402216,24,02,2,2,4,1,1,1,58,10,31,0,31,48507.13,1865.66,17818.69,180.18
2024-25,FSU0702242,07,02,2,1,6,5,9,1,21,13,41,0,41,20709.84,862.91,8814.2,489.54
2024-25,FSU2702285,27,02,2,1,10,3,9,1,62,13,31,0,31,20506.64,788.72,19592.09,309.45
2024-25,FSU1002238,10,02,2,1,2,4,9,1,42,5,11,0,11,14099.82,587.49,20846.19,421.13
2024-25,FSU2402244,24,02,2,2,4,3,3,1,59,12,11,0,11,7222.19,300.92,10489.67,475.87
2024-25,FSU1903147,19,03,1,2,10,2,3,1,20,10,81,0,81,0.0,0.0,11359.77,846.97
2024-25,FSU2403164,24,03,1,1,12,2,3,2,42,12,31,0,31,44588.58,1714.95,41430.15,254.28
2024-25,FSU1001170,10,01,1,1,12,5,2,2,48,10,91,0,91,0.0,0.0,15526.31,637.66
2024-25,FSU2404120,24,04,1,2,9,1,1,2,28,5,41,0,41,17952.8,748.03,10732.65,213.51
2024-25,FSU0702283,07,02,2,2,12,5,2,2,44,5,91,0,91,0.0,0.0,7404.29,760.09
2024-25,FSU0901298,09,01,2,1,6,5,2,2,42,8,31,0,31,19047.95,732.61,37993.83,766.59
2024-25,FSU2903124,29,03,1,1,7,3,9,1,38,8,11,0,11,19097.47,795.73,16370.76,542.53
2024-25,FSU1903179,19,03,1,2,2,6,9,1,63,13,11,0,11,22958.66,956.61,11127.42,502.5
2024-25,FSU0701157,07,01,1,2,6,4,9,1,45,13,41,0,41,15657.11,652.38,16852.93,354.59
2024-25,FSU2702221,27,02,2,1,2,4,3,2,19,1,11,0,11,14926.57,621.94,17153.31,762.5
2024-25,FSU0704170,07,04,1,2,6,4,9,1,33,5,11,0,11,21039.78,876.66,6352.59,734.46
2024-25,FSU1005293,10,05,2,1,11,3,9,2,44,8,31,0,31,30324.75,1166.34,41643.3,702.49
2024-25,FSU2403216,24,03,2,1,3,3,4,2,25,12,31,0,31,999999.0,1125.47,99999.0,831.24
2024-25,FSU1902115,19,02,1,2,6,5,3,2,31,8,31,0,31,50356.72,1936.8,18770.13,615.89
2024-25,FSU1903279,19,03,2,2,3,5,4,1,16,10,81,0,81,0.0,0.0,14990.74,813.45
2024-25,FSU1901292,19,01,2,2,12,3,9,2,63,12,31,0,31,51427.19,1977.97,38386.01,795.6
2024-25,FSU2704127,27,04,1,2,11,5,2,2,16,10,81,0,81,0.0,0.0,7864.74,400.18
2024-25,FSU0905184,09,05,1,1,9,2,4,1,16,1,81,0,81,0.0,0.0,10790.96,620.09
2024-25,FSU2904172,29,04,1,2,6,5,2,2,40,5,91,0,91,0.0,0.0,9805.19,410.98
2024-25,FSU0803267,08,03,2,2,14,5,2,1,61,10,41,0,41,21073.71,878.07,21881.55,352.04
2024-25,FSU1002128,10,02,1,2,4,3,9,2,19,12,81,0,81,0.0,0.0,6149.83,436.62
2024-25,FSU1002282,10,02,2,2,13,2,3,1,39,8,41,0,41,21455.98,894.0,13849.37,361.4
2024-25,FSU2405238,24,05,2,2,1,1,1,1,31,8,41,0,41,14450.82,602.12,19347.89,607.67
2024-25,FSU1002298,10,02,2,2,11,2,2,1,63,8,31,0,31,18336.24,705.24,44812.99,671.9
2024-25,FSU3204290,32,04,2,2,11,4,2,2,47,13,11,0,11,8256.94,344.04,19524.48,190.96
2024-25,FSU2402230,24,02,2,1,1,3,4,2,55,8,11,0,11,15592.25,649.68,10637.7,805.42
2024-25,FSU1901179,19,01,1,1,6,3,4,2,58,13,41,0,41,16600.93,691.71,7533.33,726.32
2024-25,FSU1905257,19,05,2,1,13,4,9,2,12,12,31,0,31,85000.0,3200.0,17100.31,281.89
2024-25,FSU1004124,10,04,1,2,14,2,2,2,37,8,41,0,41,13838.76,576.62,8224.22,841.31
2024-25,FSU1903125,19,03,1,1,4,2,3,1,34,5,11,0,11,6572.1,273.84,8083.49,633.57
2024-25,FSU2701265,27,01,2,1,1,2,2,1,65,13,41,0,41,14381.65,599.24,15490.82,785.97
2024-25,FSU2703122,27,03,1,2,13,1,1,1,52,5,11,0,11,5585.18,232.72,16729.61,251.89
2024-25,FSU3203230,32,03,2,2,14,5,3,1,21,12,81,0,81,0.0,0.0,11874.9,651.07
2024-25,FSU1905122,19,05,1,2,15,2,9,2,59,12,31,0,31,62887.39,2418.75,26508.97,276.59
2024-25,FSU1004175,10,04,1,2,4,4,2,2,22,10,11,0,11,14916.32,621.51,14315.64,402.88
2024-25,FSU2901151,29,01,1,2,8,1,1,2,33,10,41,0,41,21821.8,909.24,16992.74,308.11
2024-25,FSU0704118,07,04,1,1,15,4,4,1,15,10,81,0,81,0.0,0.0,6367.23,456.64
2024-25,FSU2702261,27,02,2,2,12,5,2,1,19,8,81,0,81,0.0,0.0,9402.21,566.47
2024-25,FSU2702273,27,02,2,1,5,6,4,2,37,10,91,0,91,0.0,0.0,17837.8,507.99
2024-25,FSU2401142,24,01,1,1,8,4,3,1,16,1,81,0,81,0.0,0.0,15794.06,498.69
2024-25,FSU1904229,19,04,2,2,5,5,2,1,57,12,31,0,31,25096.59,965.25,38160.14,613.47
2024-25,FSU2903279,29,03,2,1,9,1,1,1,42,1,31,0,31,57643.71,2217.07,26853.81,459.79
